Name,Amount,Company,Department,Country
Margaret Lynch,16.73,Rodriguez LLC,Sports,China
Sara Hill,190.07,Von LLC,Automotive,China
Jonathan Ford,269.53,Rippin-Hamill,Grocery,Senegal
Sean Carter,266.52,"Parker, Labadie and Becker",Clothing,Indonesia
Melissa Ruiz,313.95,"Marquardt, Kirlin and Blick",Home,Thailand
Benjamin Stewart,66.27,"Hilpert, Douglas and Wilkinson",Sports,Yemen
Christopher Romero,167.32,"Durgan, Lebsack and Schiller",Clothing,Thailand
Timothy Fowler,126.48,Kirlin Group,Automotive,Armenia
Nicholas Ray,300.14,"Steuber, Schaefer and Corkery",Grocery,Pakistan
Dorothy Green,132.09,Eichmann and Sons,Sports,China
Maria Daniels,5.87,Moen-Prosacco,Tools,Tanzania
Craig Brooks,83.97,Block-Cummings,Shoes,Japan
Arthur Reynolds,163.61,"Mayert, Kihn and Rice",Music,Brazil
Ruby Matthews,337.69,Oberbrunner-Barton,Sports,France
Dorothy Harrison,186.41,"Cruickshank, Johnson and Berge",Shoes,Argentina
Fred Weaver,59.38,"Gleason, Klocko and Rogahn",Toys,Indonesia
Dorothy Burton,29.11,Wilderman Group,Games,Brazil
Alan Hansen,317.13,"Shanahan, Heidenreich and Rath",Shoes,Indonesia
Louis Hernandez,88.22,DuBuque-McClure,Computers,Poland
Ernest Bailey,104.15,Crona Group,Baby,Finland
David Thompson,307.57,Ebert Inc,Music,Russia
Deborah Stephens,214.75,"Pagac, Sawayn and Bode",Health,Norway
Samuel Ellis,40.91,"Parisian, Feest and Bergnaum",Toys,China
Michelle Morgan,246.89,Kuhic Inc,Health,Poland
Elizabeth Lee,100.87,Schumm-Gislason,Toys,Greece
Kathryn Young,197.38,"Windler, Kerluke and Veum",Music,Portugal
Donna Woods,336.48,Pollich-McKenzie,Home,Nigeria
Stephen Dunn,38.13,Ledner LLC,Electronics,Portugal
Wayne Riley,84.33,Roob-Ferry,Outdoors,Canada
Ernest Schmidt,237.64,Kuphal and Sons,Jewelery,Peru
Amy Stewart,247.94,"Marquardt, Mosciski and Douglas",Health,Poland
Lawrence Alvarez,276.77,Jakubowski LLC,Beauty,Sweden
Denise Carr,109.73,Kulas-West,Automotive,China
Gary Coleman,236.71,"Waters, Johnston and Morar",Home,China
Phillip Medina,377.12,Moen-Metz,Toys,Indonesia
Nicholas Holmes,120.87,Denesik and Sons,Home,Indonesia
Eric Lane,58.63,Bradtke-Hansen,Industrial,Czech Republic
Janice Nelson,317.62,Weber-Abshire,Automotive,Turkmenistan
Carolyn Cox,77.54,Cormier-Funk,Toys,Thailand
Walter Ford,262.2,"Schaefer, Klein and McDermott",Electronics,Indonesia
Anne Richards,228.22,Sipes Group,Automotive,China
Billy Hunter,115.21,Bauch-Jast,Outdoors,Poland
Kimberly Burke,27.93,"Bauch, Kemmer and Schuppe",Games,China
Janice Lane,394.61,Hane-Farrell,Garden,Brazil
Samuel Mills,139.07,Mueller-Greenholt,Games,Greece
Betty George,272.34,Crist and Sons,Home,Philippines
Mary Wallace,334.89,Tromp-Mills,Jewelery,United States
Anthony Chavez,13.99,"Boyer, Williamson and Vandervort",Automotive,Japan
Michael Garcia,28.42,Hintz Inc,Shoes,China
Frances Boyd,375.71,Fahey Inc,Computers,Brazil
Samuel Dean,61.11,"Bins, Torp and Murphy",Computers,Indonesia
Stephen Perry,254.54,Flatley and Sons,Health,Austria
Debra Wagner,287.54,Grant Inc,Health,France
Sean Tucker,91.42,Hickle Inc,Movies,Egypt
Frank Fisher,164.31,Friesen LLC,Music,Thailand
Karen Green,127.71,Schiller-Davis,Electronics,China
Edward Spencer,158.69,Quitzon-Mann,Kids,United States
Joshua Sanders,295.13,Ebert-Weimann,Beauty,China
Gerald Diaz,311.43,Hills Group,Clothing,Philippines
Kimberly Kelly,290.22,Jacobson-Fritsch,Grocery,Afghanistan
Joan Coleman,100.59,Langosh LLC,Automotive,Russia
Amy Wheeler,66.54,"Barton, Skiles and Homenick",Grocery,Philippines
Paula Graham,212.79,Cormier-Walsh,Home,Peru
Samuel Mendoza,180.12,O'Conner LLC,Grocery,Brazil
David Moore,230.55,Pfannerstill Group,Baby,China
Raymond Garcia,268.46,Stanton-Heidenreich,Health,Denmark
Thomas Gray,210,Schimmel-Pollich,Grocery,Colombia
Thomas Russell,1.17,"Champlin, Wolff and Kuphal",Games,Nigeria
Tammy Burton,313.24,"Yost, Hessel and Hodkiewicz",Toys,Afghanistan
Anthony Jenkins,343.8,"Hoeger, Casper and Spinka",Shoes,Syria
Christina Jackson,272.05,Okuneva-Reilly,Clothing,China
Clarence Burns,210.46,Dickens-Jacobs,Books,Czech Republic
Carol Bowman,385.01,Rogahn-Berge,Home,France
Timothy Sims,394.39,Casper Inc,Computers,Indonesia
Todd Carter,247.33,"McLaughlin, Carter and Mohr",Computers,Portugal
Keith Diaz,314.52,"Hammes, Gaylord and Ebert",Jewelery,United States
Louise Franklin,99.1,"Witting, Hegmann and Ratke",Outdoors,Peru
Anna Berry,4.85,Abshire-Quitzon,Toys,Russia
Shirley Murray,397.77,Pagac-Skiles,Outdoors,Brazil
Joshua Peters,59.23,Lakin-Lang,Grocery,Indonesia
Terry Mason,309.07,Stanton Inc,Shoes,Indonesia
James Armstrong,128,Schimmel Group,Home,Poland
Susan Mcdonald,124.56,Walsh Group,Industrial,Brazil
Ruth Bailey,195.79,Bednar LLC,Toys,Russia
Judith Vasquez,50.32,"Aufderhar, Nikolaus and Langworth",Clothing,Madagascar
Russell Foster,286.75,Beer and Sons,Baby,China
Maria Mason,130.37,"Veum, Larson and O'Connell",Movies,Indonesia
Deborah Fields,1.99,"Howe, Medhurst and Bradtke",Beauty,Albania
Earl Martin,110.79,Hauck-Emmerich,Industrial,Indonesia
Anthony Rivera,185.06,"Gottlieb, Torp and Christiansen",Sports,Sierra Leone
Melissa Hansen,198.89,Skiles LLC,Movies,Brazil
John Daniels,48.8,"Bernier, Hammes and Tromp",Tools,United States
Lisa Long,38,Schaden and Sons,Music,Colombia
Brian Harper,13.5,"Kozey, Kulas and Osinski",Movies,Russia
Joan Brooks,179.04,Gottlieb-Kassulke,Grocery,Russia
Christine Crawford,114.59,Kautzer LLC,Computers,China
Fred Perez,310.96,Mueller Group,Music,Philippines
Cheryl Austin,43.14,"Gleason, O'Hara and Carroll",Movies,Tajikistan
Louis Ross,91.35,Kuhlman and Sons,Games,Canada
Marie Cook,221.9,Morissette and Sons,Outdoors,Paraguay
Susan Graham,353.05,Tremblay Group,Tools,China
Joshua Arnold,395.84,"Rice, Rutherford and Baumbach",Grocery,Philippines
Justin Burns,119.92,Parker-Dickinson,Kids,Indonesia
Gregory Murphy,289.67,Toy Group,Kids,Peru
Kelly Reed,348.69,"Conn, Hills and Dare",Automotive,Philippines
Aaron Snyder,91.78,"Medhurst, Grady and Berge",Books,Portugal
Robert Grant,235.64,"Funk, Schneider and Mertz",Toys,China
Diane Campbell,146.12,Treutel Inc,Home,Iran
Kimberly Murray,53.06,MacGyver-Considine,Movies,China
Diana Rose,155.83,"Cronin, Mohr and Erdman",Automotive,Indonesia
Kathy Gonzalez,103.72,Kub-Gutmann,Garden,Botswana
Marilyn Fox,288.15,Lehner-Hermann,Automotive,Brazil
Howard Larson,103.48,"Turner, Okuneva and Pfeffer",Computers,China
Nancy Ellis,289.28,Harber-Dicki,Industrial,Mexico
Beverly Lawson,371.07,Klein Inc,Games,Russia
Jason Perez,106.01,Bednar-Gutmann,Toys,France
Daniel Cooper,141.02,Gerhold-Wolf,Automotive,Philippines
Joan Adams,336.82,"Towne, Spinka and Marquardt",Games,Portugal
Roger Myers,99.62,Hessel Inc,Music,Nigeria
Dorothy Welch,248.66,"Cole, Bode and Cartwright",Health,United States
Eric Day,154.99,Waters and Sons,Tools,Ethiopia
Julia Johnston,71.87,Hudson-Botsford,Beauty,Indonesia
Donald Graham,259.5,Stracke Inc,Books,Philippines
Craig Andrews,206.31,"Kuphal, Runolfsdottir and Runolfsdottir",Shoes,Russia
Lois Alexander,155.59,McKenzie and Sons,Beauty,China
George Palmer,247.43,"Bartell, MacGyver and Gaylord",Books,Azerbaijan
Ruby Green,386.29,Anderson Group,Music,China
Kelly Phillips,155.89,Cormier Group,Books,Thailand
Jerry Woods,233.43,"Okuneva, Crooks and Cummerata",Home,Finland
Betty Webb,161.82,"Daugherty, Sipes and Greenfelder",Sports,Ukraine
Helen Peters,109.19,"Wolf, Denesik and Bauch",Computers,China
Tammy Campbell,146.25,Boyle LLC,Grocery,Austria
Russell Gilbert,293.43,Lesch Group,Health,Czech Republic
Maria George,398.01,Sipes Group,Automotive,Philippines
Karen Ortiz,145.84,"Grimes, Koss and Wuckert",Kids,Czech Republic
Andrew Sanders,377.61,"Volkman, Cremin and Reilly",Garden,Indonesia
Larry Myers,37.32,Orn-Hoeger,Baby,China
Charles Martin,123.01,"Rippin, Weimann and Nitzsche",Electronics,Colombia
Joyce Bryant,178.49,Nolan-Bartell,Toys,Poland
Samuel Richardson,295.56,Brekke-Wiza,Outdoors,Czech Republic
Shawn Richardson,395.72,Glover Inc,Toys,Tanzania
Patrick Garrett,308.32,Murray-Marks,Music,Yemen
Harry Crawford,238.91,Pagac Group,Industrial,Russia
Donald Phillips,213.87,Beer Inc,Jewelery,Morocco
Alan Franklin,286.32,"Fadel, Hackett and Reichert",Movies,Hungary
Gregory Castillo,124.3,"Koch, Kozey and Keeling",Shoes,Colombia
Fred Weaver,164.27,"D'Amore, Hamill and Schmitt",Industrial,Bosnia and Herzegovina
Walter Fernandez,201.8,"VonRueden, Romaguera and Jast",Books,Botswana
George Gibson,369.77,Hettinger-Crona,Outdoors,Russia
Annie Schmidt,294.41,Gusikowski Group,Garden,Philippines
Marie Hansen,29.13,West and Sons,Beauty,Philippines
Phyllis Alvarez,382.07,Osinski-Kub,Beauty,Honduras
Philip Little,239.41,"Nader, Anderson and Schiller",Automotive,Morocco
Teresa Washington,171.42,"Hauck, O'Connell and Denesik",Jewelery,China
Ashley Andrews,185.83,Harber Inc,Music,United States
David Kennedy,371.67,Zemlak-Balistreri,Outdoors,Kazakhstan
Maria Jordan,53.98,Shanahan Inc,Kids,Croatia
Judith Hunt,180.54,"Stracke, Collier and Kirlin",Outdoors,Argentina
Aaron Smith,223.9,Conn and Sons,Toys,Uganda
Tammy Bryant,107.22,Strosin Inc,Grocery,Brazil
Raymond Wallace,349.87,Mann-Jerde,Grocery,Canada
Katherine Wheeler,155.47,Jakubowski-Russel,Toys,Indonesia
Linda Rodriguez,365.59,O'Connell-Klocko,Toys,Japan
Christina Adams,347.93,Reynolds and Sons,Garden,Poland
Sara Murray,67.01,Beer-Rogahn,Garden,Poland
Julie Perry,112.9,Kilback-Parisian,Electronics,Nepal
Dennis Roberts,0.53,Lang-Walker,Industrial,Venezuela
Dennis Reynolds,39.42,Gleichner-Grant,Beauty,Afghanistan
Cynthia Simmons,225.32,Padberg and Sons,Outdoors,Venezuela
Helen Armstrong,88.56,"Trantow, Blick and Watsica",Automotive,Indonesia
Alan Garrett,283.52,"Schamberger, Bruen and Krajcik",Garden,Guatemala
Rose Snyder,66.59,"Mueller, Vandervort and Leffler",Kids,Indonesia
Margaret Harrison,248.8,Ziemann-Keeling,Games,Palestinian Territory
Edward Bowman,192.15,"Russel, Maggio and Klein",Baby,Mongolia
Beverly Bennett,1.12,Harber and Sons,Health,Syria
Dennis Chavez,129.41,Cormier-Herman,Tools,Portugal
Christina Lynch,169.19,DuBuque and Sons,Outdoors,Poland
Walter Riley,63.03,"Labadie, Blick and Sipes",Kids,France
Gloria Howard,373.06,Hauck-Gleason,Kids,Brazil
Craig Ray,193.78,Gerhold LLC,Books,Mali
Diane Kelly,186.36,Bashirian-Lockman,Electronics,Norway
Juan Reyes,326.46,Mosciski and Sons,Computers,China
Dennis Lewis,287.86,Cruickshank LLC,Grocery,Poland
Andrew Bowman,54.82,Rempel-Kirlin,Kids,Indonesia
Louis Lynch,341.3,"Langworth, Wilkinson and Rogahn",Automotive,Thailand
Nicole Perkins,233.56,"McClure, Bartell and Quitzon",Automotive,Mozambique
Gloria Mitchell,323.32,Glover and Sons,Electronics,Russia
Todd Lewis,182.5,Stiedemann Inc,Home,Russia
Eugene Hernandez,64.2,Kunde and Sons,Beauty,China
Arthur Black,239.01,"Leffler, Grady and Hudson",Movies,France
Todd Sims,204.88,"Conn, Lueilwitz and Daniel",Games,Central African Republic
Dennis Williams,263.02,"Sauer, Fadel and Feil",Health,Zambia
Andrew Harvey,134.32,Feest-Pouros,Tools,Japan
Ruby Ferguson,230.9,Daugherty Group,Games,Laos
Joseph Simpson,32.26,Johns-Spinka,Outdoors,Cuba
Phyllis Knight,380.57,"White, Goyette and Goyette",Movies,Cameroon
Christine Bryant,72.27,"Vandervort, Crist and Hoeger",Outdoors,Russia
Helen Thompson,85.97,Adams Group,Sports,Latvia
Antonio Perez,331.64,Kub-Cole,Electronics,Ukraine
Brandon Peterson,46.17,"Grant, Spinka and Collins",Grocery,Dominican Republic
Joyce Ramos,119.95,Wiza and Sons,Books,Colombia
Kelly Gilbert,388.86,Robel-Torphy,Tools,China
Ralph Hansen,6.57,Rice Inc,Electronics,Czech Republic
Teresa Wells,37.13,Hodkiewicz Group,Automotive,Ukraine
Gerald Wagner,183.24,Bechtelar-Schmitt,Movies,Canada
Sarah Fields,271.72,Jast Group,Tools,China
Rachel Bennett,333.11,Shields Group,Grocery,Colombia
Henry Oliver,30.94,Greenholt-Hintz,Kids,Brazil
Kevin Simpson,37.5,Conn-Fisher,Garden,Kazakhstan
Brandon Ford,170.62,Goldner LLC,Books,China
Patricia Armstrong,288.01,"Connelly, Boehm and Nikolaus",Clothing,Serbia
Mark Castillo,198.25,Kuhn-Gutkowski,Outdoors,Netherlands
Frank Ward,317.95,"Stokes, Nienow and Boehm",Jewelery,China
Evelyn King,359.24,Adams-Oberbrunner,Kids,Brazil
Kevin Morgan,76.06,Brown-Schumm,Electronics,Indonesia
Kenneth Lawrence,396.74,Herzog LLC,Outdoors,South Africa
Angela Chavez,316.28,Ledner and Sons,Electronics,Peru
William Mcdonald,67.89,Parisian Inc,Jewelery,Indonesia
Earl Lynch,341.98,Hackett-Watsica,Outdoors,Croatia
Martin Berry,137.78,Marks-Nolan,Garden,Vietnam
Ann Elliott,143.62,"Wintheiser, Considine and Schmeler",Kids,Costa Rica
Mark Sanchez,246.68,Goodwin LLC,Home,Peru
Donna Fields,49.49,"Larson, Brakus and Reilly",Shoes,United States
Helen Hanson,287.45,Bins and Sons,Home,Sweden
Mark Oliver,234.17,Legros Inc,Shoes,Indonesia
Ashley Simmons,295.04,Borer-Osinski,Clothing,Poland
Keith Armstrong,352.79,Mueller Inc,Health,Peru
Doris Chavez,343.88,"Collins, Langosh and Hartmann",Automotive,Poland
Bruce Mitchell,169.53,"Morissette, Spencer and Torp",Industrial,Netherlands
Joshua Green,184.17,"Graham, Marquardt and Schuster",Sports,Dominican Republic
Jerry Ford,164.91,Berge-Reichel,Kids,Sweden
Wanda Sims,250.02,"Roberts, Conn and Murray",Home,Philippines
Lois Matthews,120.47,Halvorson Group,Jewelery,Sweden
Martin Gibson,333.44,Jakubowski-Smitham,Jewelery,Macedonia
Rebecca Warren,179.53,Cormier-Stokes,Sports,Finland
Wayne Martinez,97.66,"Dare, Dooley and Buckridge",Toys,Ivory Coast
Doris Hughes,379.9,Windler-Schultz,Outdoors,China
Ruby Freeman,268.54,Hilpert-Stoltenberg,Garden,Indonesia
Laura Burns,317,Morissette-Schmitt,Grocery,China
Christine Martin,198.3,Armstrong Inc,Baby,Russia
Anthony Walker,231.16,Hintz-Veum,Toys,Portugal
Judith Richardson,24.79,Hammes-Botsford,Health,Brazil
Timothy Payne,98.58,"Howe, Kozey and Franecki",Garden,Russia
Peter Garcia,145.1,"Mohr, Klein and Ebert",Home,Indonesia
Stephen Berry,152.98,"Ernser, Gorczany and Ratke",Kids,Canada
Doris Nguyen,159.89,"Kerluke, McGlynn and Nader",Kids,North Korea
Shawn Simmons,386.84,Zulauf-Zieme,Home,Philippines
Andrea Cook,89.52,"Jakubowski, Bernier and Bernhard",Movies,Vietnam
Anne Nichols,55.76,"Macejkovic, Weber and Ondricka",Outdoors,Thailand
John Washington,151.58,"Hermann, Shields and Bosco",Sports,China
Jessica Hart,356.72,Beahan LLC,Grocery,Portugal
Kathy Edwards,78.49,Goyette-Greenfelder,Outdoors,Germany
John Meyer,158.11,"Murphy, Anderson and Waters",Books,China
Phyllis Cruz,390.98,Mante Inc,Health,Honduras
Bonnie Griffin,53.98,Hyatt Inc,Health,New Zealand
William Fisher,141.38,Friesen-Marquardt,Tools,Indonesia
Christine Dixon,112.96,Collins Group,Automotive,Indonesia
Walter Howard,337.89,Boyer Group,Grocery,China
Anna Diaz,386.23,"Stark, Nolan and Weber",Tools,Mozambique
Norma Fields,37.29,Corwin LLC,Electronics,Lebanon
Thomas Palmer,203.84,Jacobs-Jones,Baby,Sri Lanka
Benjamin James,243.76,Gutkowski-Kuphal,Games,France
Daniel Bradley,90.18,Lindgren-Boehm,Industrial,Portugal
Joan Scott,194.14,Jacobs Inc,Beauty,Angola
Mildred Stanley,245.01,Yost Group,Beauty,Philippines
Paul Perez,294.94,Willms-Rohan,Games,Brazil
Frank Jones,162.22,Walsh-Lang,Shoes,Canada
Jimmy Russell,176.27,"Klocko, Carroll and Gutmann",Beauty,Pakistan
Mildred Ramirez,136.81,MacGyver Group,Computers,Finland
Louis Hansen,296.2,"Harvey, Jerde and Blick",Games,China
Anne Simpson,323.18,Wehner-Haag,Music,Indonesia
Janet Cunningham,393.91,Kihn LLC,Tools,China
Phillip Tucker,121.58,Marvin Inc,Games,China
Antonio Freeman,242.55,Dach-Bernhard,Beauty,China
Jeremy Welch,379.38,Kassulke-Schaefer,Baby,Indonesia
Clarence Castillo,198.68,Mayer LLC,Movies,Japan
Jeffrey Warren,387.54,"Bins, Rowe and Dicki",Grocery,China
Emily Mason,304.38,Halvorson-Harris,Automotive,United States
Ryan Kennedy,283.46,Green-McGlynn,Games,Colombia
Elizabeth Perkins,150.18,Funk and Sons,Clothing,Brazil
Harold Graham,360.49,Shanahan Inc,Grocery,Greece
Wayne Bell,354.02,Carter-Walsh,Shoes,Ecuador
Gary Green,34.99,"Flatley, Klein and Ledner",Home,Moldova
Joe Cole,354.02,Lebsack-Littel,Industrial,Russia
Harold Cooper,245.84,Morissette LLC,Garden,Belarus
Dennis Hart,302.27,"Christiansen, Morissette and Trantow",Health,China
Kevin Fields,374.14,"Smith, Schuppe and Murazik",Movies,Ukraine
Jeffrey Gomez,39.08,Aufderhar-Welch,Kids,Indonesia
Sean Larson,253.68,Raynor-Schimmel,Baby,Estonia
Scott Price,2.63,Pagac LLC,Baby,Canada
Ann Hawkins,197.15,"Abshire, Cassin and Grady",Sports,Philippines
Adam Willis,378.2,Champlin Group,Health,Finland
Mildred Simmons,92.95,"Vandervort, Frami and Macejkovic",Tools,China
Carol Hansen,223.42,"Reichert, Durgan and Gerlach",Grocery,Kenya
Janet Jones,67.32,Orn-Littel,Shoes,Iran
Victor Jacobs,270.06,Halvorson Inc,Shoes,Rwanda
Jack Ward,5.12,"Champlin, Conroy and Medhurst",Toys,Brazil
Justin Robinson,230.84,"Cummerata, Mayer and Kuhlman",Games,Canada
David Watkins,379.48,"Kihn, Mohr and Lynch",Movies,Costa Rica
Kathryn Roberts,212.84,"Kuvalis, Jakubowski and Moore",Automotive,Armenia
Larry Fernandez,267.59,"Huels, Conn and Kirlin",Toys,Philippines
Anna Chapman,15.66,"Towne, Marquardt and Thiel",Jewelery,China
Raymond Larson,171.46,Yundt-Schinner,Tools,Tunisia
Anna West,369.83,Homenick-Boehm,Clothing,Portugal
James Burton,71.16,Batz-Howell,Grocery,Kenya
Anne Spencer,120.09,"Schinner, Quitzon and Blick",Sports,Brazil
Norma Harvey,177.79,"Lakin, Williamson and Vandervort",Electronics,Indonesia
Kimberly Cruz,366.35,Wintheiser-Haag,Kids,Portugal
Kenneth Jordan,238.45,Stamm-Kautzer,Books,Zambia
Joyce Diaz,153.9,Reinger Group,Toys,Egypt
Benjamin Wells,209.78,DuBuque Inc,Garden,China
Gerald Payne,64.51,Weissnat-Krajcik,Sports,Saudi Arabia
Emily Carpenter,101.61,Will LLC,Electronics,Japan
Frank Hunt,376.12,Schulist Group,Home,Indonesia
Peter Frazier,207.76,Senger-Cormier,Music,Brazil
Peter Gonzales,298.68,"Jacobi, Gaylord and Ward",Grocery,Colombia
Tammy Austin,165.08,Stoltenberg-Wintheiser,Books,Chile
Susan Green,19.98,Feest Inc,Shoes,Iraq
Rose Cruz,40.69,"Hoppe, Dickinson and Kunde",Books,Cyprus
Brenda Phillips,147.22,Hegmann Inc,Clothing,France
Sharon Hayes,222.12,"Kuhic, Weissnat and Boehm",Jewelery,Indonesia
Henry Ford,158.12,"Mayer, Russel and Ruecker",Health,Mongolia
Earl Hart,84.73,Gleichner Inc,Movies,Cyprus
Dorothy Dean,222.99,Skiles-Herman,Kids,Norway
Bruce Dunn,369.08,Funk LLC,Grocery,Thailand
Louis Vasquez,324.29,Howell and Sons,Games,Indonesia
Adam Harvey,58.53,Skiles Inc,Automotive,Sweden
Denise Gardner,286.57,Mayert and Sons,Baby,Brazil
Paula Bishop,148.63,"Effertz, Ebert and Moen",Grocery,France
Arthur Hernandez,374.14,Kshlerin-Bergnaum,Outdoors,Cyprus
Aaron Porter,254.02,O'Hara and Sons,Grocery,Indonesia
Paul Jordan,273.72,Rogahn-Strosin,Automotive,Indonesia
Janet Bishop,42.29,Kilback-Hagenes,Beauty,Slovenia
Elizabeth Williams,245.28,"Harvey, Quigley and Harvey",Electronics,Poland
Raymond Watson,83.19,"Hane, Bergnaum and Mante",Kids,Philippines
Benjamin Wells,166.69,Gusikowski-Rau,Industrial,Tanzania
Ralph Turner,126.05,Nikolaus LLC,Home,Philippines
Chris Shaw,259.58,"McKenzie, Ortiz and McClure",Industrial,Philippines
Brenda Mccoy,83.31,Howell LLC,Grocery,Papua New Guinea
Eric Medina,300.69,Cronin Inc,Automotive,Macedonia
Mark Johnson,116.89,"Schneider, Kunde and Hessel",Tools,Ukraine
Henry Carter,349.26,Erdman-Hessel,Shoes,Ireland
William Stanley,246.4,Fritsch-Rolfson,Garden,Morocco
Benjamin Hughes,164.27,Hamill Group,Music,Saudi Arabia
Arthur Lewis,190.55,Jenkins LLC,Games,Morocco
Louis Walker,181.84,"Conroy, Labadie and Nikolaus",Automotive,Mauritius
Alice Brown,258.19,"Huel, Bergnaum and Stamm",Clothing,China
David Bell,328.33,"Yundt, Rempel and Rosenbaum",Computers,Philippines
Nancy Jackson,73.53,Wilderman Inc,Movies,Russia
Shirley Freeman,394.16,Hilpert-Orn,Movies,China
Irene Stevens,286.75,Bayer-Crooks,Tools,China
Nancy Murphy,266.65,"Kuhlman, Dicki and Bailey",Grocery,Russia
Harry Freeman,83.64,Miller-Padberg,Games,Venezuela
Diane Taylor,11.47,Williamson Group,Health,United States
Douglas Hughes,372.45,Waters-Little,Home,Nigeria
Martin Long,287.89,"Stoltenberg, Hodkiewicz and Hammes",Industrial,Indonesia
Anne Ray,272.65,"Leffler, Ziemann and Dickinson",Garden,Greece
Ryan Rodriguez,0.66,Mueller LLC,Games,Argentina
Anne Gibson,326.21,"Morar, Padberg and Ruecker",Music,Thailand
Judith Foster,349.94,"Turcotte, Osinski and Torphy",Clothing,Nauru
Roy Cox,320.82,Hickle-Hand,Beauty,Honduras
Patricia Myers,349.59,Dare-Wiza,Tools,Poland
Cheryl Russell,364.54,"Fadel, O'Connell and Lueilwitz",Books,Cyprus
Theresa Fernandez,35,Donnelly-Hamill,Toys,Afghanistan
Phyllis Sullivan,398.53,Cormier LLC,Music,Philippines
Pamela Gonzales,141.81,Abshire and Sons,Electronics,Norway
Tina Jones,48.99,"Mohr, Funk and Beier",Automotive,Belarus
Justin Medina,148.69,"Greenfelder, Sauer and Brakus",Health,Indonesia
Willie Watkins,158.68,Weissnat-Kuvalis,Baby,Nigeria
Linda Garcia,107.21,Schmidt-Armstrong,Beauty,Tanzania
Jerry Andrews,85.94,Keeling-Treutel,Sports,Libya
Lois Hill,208.96,"Adams, Williamson and Dooley",Games,Madagascar
Melissa Long,171.21,White Inc,Jewelery,China
Jacqueline Gibson,111.88,Schmidt LLC,Kids,France
Shirley Webb,326.1,Mante-Senger,Beauty,Indonesia
Steve Dixon,361.34,Bosco Inc,Beauty,Panama
Bonnie Wells,328.62,Lowe-Bernhard,Music,Liberia
Eric Young,145.32,Cremin-Ullrich,Jewelery,Nigeria
Julia Ford,367.05,Hills LLC,Grocery,United States
Willie Matthews,234.23,"Koch, Langosh and Rodriguez",Automotive,Philippines
Ashley Evans,271.66,Boehm Group,Home,Georgia
Keith Campbell,77.75,Bernier Group,Grocery,Uzbekistan
Nancy Murphy,224.81,"Gorczany, Boyer and Ratke",Electronics,Thailand
Betty Kelly,371.77,Doyle-Schmeler,Automotive,Palestinian Territory
Arthur Patterson,116.79,"Hagenes, McDermott and Witting",Health,Philippines
Johnny Martin,81.34,Williamson-Von,Garden,Nigeria
Peter Fox,30.59,Pfeffer and Sons,Games,China
Jesse Ferguson,228.57,Doyle-Macejkovic,Beauty,Nicaragua
Brenda Carter,365.91,Dietrich and Sons,Books,Brazil
Jean Garrett,27.8,"Hettinger, Aufderhar and Grant",Sports,Iran
Justin Day,138.32,Runolfsdottir Group,Shoes,Indonesia
Evelyn Welch,325.98,Carter Inc,Grocery,Portugal
Jacqueline Webb,274.83,Rau-Renner,Kids,Morocco
Barbara Hughes,73.13,Schmidt-Nikolaus,Beauty,Portugal
Chris Johnston,334.12,"Murray, Homenick and Leuschke",Baby,Sweden
Clarence Olson,135,Daugherty Inc,Tools,Philippines
Julia Rice,57.02,Abbott-Reilly,Movies,Vietnam
Harold Gonzales,200.7,Wisoky-Hegmann,Toys,China
Alice Jackson,52.6,"Zieme, Goldner and Bashirian",Music,Peru
Aaron Peterson,216.44,Erdman-Thompson,Sports,Comoros
Johnny Miller,123.93,Mante Inc,Health,Indonesia
Jason Jackson,306.03,Lehner-Hamill,Baby,Finland
Jane Hunter,331.95,Boyle-Cummerata,Clothing,Pakistan
Charles Peters,237.54,"Strosin, Keebler and Brakus",Baby,Honduras
Patricia Olson,305.17,Pagac-Huel,Outdoors,Thailand
Terry Wagner,236.8,"Schuppe, O'Hara and Heller",Toys,Haiti
Ann James,296.53,"Hodkiewicz, Schuppe and Hermiston",Movies,Uruguay
Judy Robertson,92.74,O'Reilly-Keebler,Books,Vietnam
Sean Vasquez,188.33,"Feest, Walsh and Larson",Electronics,Mexico
Jean Freeman,277.56,"Bosco, Blanda and Goodwin",Baby,United States
Carol Simpson,360.24,Crona Group,Books,Poland
Jane Chavez,274.62,"Grady, Lehner and Labadie",Baby,Cyprus
Richard Rose,312.54,Torp-Schaefer,Shoes,Cameroon
Evelyn Little,370.05,Schumm Group,Grocery,China
Roy Baker,199.19,"Dickens, Macejkovic and Tremblay",Industrial,Indonesia
Michelle Warren,391.66,Walker-Pfeffer,Beauty,Tanzania
Carlos King,248.27,Reichert Inc,Sports,Portugal
Andrea Kelly,155.05,Klein-Hahn,Garden,Greece
Anne Cooper,65.91,Smitham-Berge,Electronics,Peru
Robert West,264.33,"Ward, Bailey and Howe",Jewelery,China
Albert Miller,263.05,Stokes-Shanahan,Industrial,China
Eugene Elliott,106.63,Little-Little,Computers,China
Brandon Miller,159.05,"Wintheiser, Hilll and Gorczany",Toys,China
Kelly Ruiz,176.49,"Harris, Flatley and Streich",Home,China
Rachel Edwards,248.95,Nicolas Group,Shoes,Indonesia
Kathy Mills,271.33,Bins-Bechtelar,Baby,China
Earl Wheeler,55.68,Parisian and Sons,Automotive,Indonesia
Steven Fields,281.39,Bergstrom LLC,Music,Mozambique
George Ross,72.45,Muller Group,Games,Philippines
Amy Ryan,382.44,Cummings and Sons,Automotive,Brazil
Jesse Coleman,219.09,Lebsack Inc,Shoes,Brazil
Howard Larson,249.54,Kassulke Inc,Grocery,Slovenia
Debra Mitchell,369.02,"Hagenes, Moore and Cartwright",Industrial,Thailand
Kevin Ortiz,238.24,"Hauck, Mitchell and Yundt",Jewelery,Peru
Lisa Sanders,135.89,"Rath, Kertzmann and Greenfelder",Outdoors,China
Christopher Martinez,115.79,"Kassulke, Wolff and Mante",Toys,China
Chris Simpson,346.12,Gorczany LLC,Clothing,Portugal
Sean Kelley,174.46,Cassin Inc,Books,Sweden
Eugene Rivera,339.83,Hickle and Sons,Electronics,Mexico
Lisa Fox,65,Wuckert LLC,Jewelery,Slovenia
Thomas Holmes,366.39,O'Keefe-Jaskolski,Toys,Mexico
Ernest Bell,338.88,Oberbrunner-Cruickshank,Automotive,Indonesia
Andrea Patterson,133.56,Hickle-Gerhold,Electronics,Russia
Steven Lewis,371.48,Little Group,Clothing,Mexico
Kathryn Cunningham,200.2,Corwin-Kautzer,Kids,Brazil
Cynthia Russell,206.06,"Waters, Mosciski and Bechtelar",Health,Iran
Evelyn Thompson,197.01,Thompson Group,Kids,Finland
Walter Campbell,385.57,"Bechtelar, Bartoletti and Stehr",Toys,Indonesia
Michelle Reed,173.85,Buckridge Group,Automotive,Mexico
Albert Spencer,240.29,Barrows Group,Jewelery,China
Matthew Henry,49.46,"Wolf, Bechtelar and Reinger",Outdoors,Portugal
Evelyn Carroll,218.93,Hirthe Group,Industrial,Norway
Laura Hansen,197.99,Rohan Group,Music,China
Brian Kelly,218.83,Kautzer-Ernser,Health,Sudan
Ruth Gilbert,70.8,Flatley-Lang,Tools,Portugal
Albert Carroll,52.82,Dach-Kilback,Movies,China
Ann Scott,397.86,Corwin Inc,Beauty,Nicaragua
Beverly Ramos,85.01,Nolan Inc,Outdoors,Indonesia
Melissa Watson,110.02,Schiller-Kuvalis,Beauty,China
Eugene Mcdonald,289.93,"Wiegand, Denesik and Keeling",Jewelery,Burkina Faso
Roy Mitchell,215.27,Turner and Sons,Garden,Ghana
Linda Perez,337.35,"Keeling, Doyle and Prohaska",Clothing,Indonesia
Amanda Hall,239.99,"Swaniawski, Wunsch and Lebsack",Books,Philippines
Carl Marshall,121.64,"Casper, Graham and Johnson",Music,Canada
Bruce Andrews,220.45,Lind Inc,Industrial,Greece
Jerry Harper,7.62,Marvin and Sons,Shoes,Indonesia
Gregory Graham,41.13,"Quigley, Flatley and Kuhn",Games,Canada
Carl Jackson,116.09,Borer-Lynch,Automotive,United States
Craig Hamilton,113.35,"Herzog, Bogisich and Zemlak",Jewelery,Peru
Earl Harris,262.38,Leuschke-Lueilwitz,Jewelery,Ukraine
Jonathan Washington,372.56,Botsford Group,Toys,Canada
Martin Morris,10.26,"Schumm, Hills and McLaughlin",Sports,Poland
Debra Snyder,272.06,"Feest, Rolfson and Hilll",Shoes,Palestinian Territory
Cheryl Smith,17.42,Pacocha-Pacocha,Clothing,Philippines
Martha Richards,127.34,Turner Group,Sports,Thailand
Albert Kennedy,64.65,Russel-Hoeger,Beauty,China
Joseph Davis,298.95,Jacobson-Crist,Outdoors,Greece
Craig Hamilton,361.44,Robel-Gleichner,Grocery,United States
Jack Ryan,112.03,Barrows-Klocko,Books,Cuba
Brenda Elliott,390.27,"Kub, Waters and Hansen",Outdoors,Philippines
Nancy Perez,205.25,Paucek LLC,Baby,Nigeria
Frances Watkins,98.14,Dickens Inc,Electronics,Tanzania
Jerry Myers,105.71,O'Keefe-Turner,Tools,Bolivia
Frank Knight,45.49,O'Connell-Wyman,Outdoors,France
Jane Baker,44.8,Baumbach-Stokes,Clothing,Russia
Christopher Chapman,352.72,Raynor Group,Outdoors,Indonesia
Debra Welch,83.19,Stracke-Erdman,Automotive,United States
Johnny Johnson,207.96,"Morar, Russel and Moore",Beauty,China
Frances Taylor,36.96,Wintheiser-Rau,Movies,Indonesia
Henry Wallace,52.35,Heidenreich LLC,Games,Philippines
John Torres,133.83,"Nicolas, Nitzsche and White",Kids,Greece
Jeffrey Watson,86.26,Ondricka-Mosciski,Industrial,China
Pamela Wells,143.84,"Ebert, Rogahn and MacGyver",Sports,Israel
Christopher Parker,192.58,Jakubowski-Ortiz,Books,Russia
Roger Nichols,150.21,Kilback-Keeling,Jewelery,Greece
Frances Wallace,37.22,Pfannerstill Inc,Beauty,Thailand
Ruby Diaz,273.74,Klein Group,Books,Sweden
Jessica Hernandez,363.52,Price-Anderson,Toys,Poland
Adam Murphy,249.1,"Schuppe, Marks and Turcotte",Games,Indonesia
Steven Parker,346.08,D'Amore-Johns,Garden,Finland
Keith Diaz,63.47,Mosciski Group,Baby,Russia
Jose Miller,182.18,"Zboncak, Hayes and Ratke",Tools,Japan
Billy Gordon,11.33,Russel-Miller,Electronics,Bangladesh
Edward Lawrence,257.93,Torphy-Hoeger,Electronics,China
Todd Fields,231.89,Reilly Group,Outdoors,Ivory Coast
Larry Castillo,81.61,"Breitenberg, Carroll and Reynolds",Outdoors,Philippines
Joyce Reynolds,190.46,Orn-Konopelski,Toys,Greece
Harold Roberts,115.64,"Rolfson, Reichel and Jacobi",Automotive,China
Albert Moore,109.95,Anderson Group,Garden,China
Jennifer Butler,115.36,Stark Inc,Toys,Sweden
Debra Hill,202.41,"Ward, Lebsack and Waelchi",Industrial,Indonesia
Julia Gonzalez,371.93,"Wilderman, Hintz and Bartell",Home,Serbia
Karen West,2.91,"Rutherford, Kuhlman and Barrows",Toys,Indonesia
Douglas Edwards,208.97,Schmeler-Kessler,Toys,Greece
Carl Bradley,392.82,Schoen Group,Industrial,Zimbabwe
Joshua Austin,278.35,Moore Group,Home,Indonesia
Melissa Snyder,138.34,"Welch, Waters and Gulgowski",Books,Malaysia
Joyce Tucker,368.76,Jones Inc,Home,Indonesia
Bonnie Parker,178.45,"Farrell, Maggio and Haag",Health,Sweden
Kevin Cruz,10.38,Waelchi LLC,Kids,Indonesia
Beverly Hayes,174.17,"Jacobson, West and Satterfield",Music,France
Jacqueline George,327.29,Greenfelder-Parisian,Grocery,Mexico
Diane Williams,235.56,Rutherford-Nicolas,Sports,Russia
Ruth Martin,34.43,"Cummings, Conroy and Harber",Beauty,Norway
Adam Howell,149.09,"Russel, Johns and Herman",Movies,China
Alice Bradley,145.01,"Schimmel, Feil and Goyette",Computers,Australia
Michelle Fields,197.51,Bednar LLC,Games,Ukraine
George Murray,233.09,White-Towne,Home,France
Jean Bryant,388.34,Franecki and Sons,Toys,Belarus
Jeffrey Foster,295.46,Schowalter and Sons,Jewelery,China
Carol Pierce,128.52,Nitzsche and Sons,Beauty,Russia
Debra Stanley,385.38,Bogisich-Rogahn,Kids,Azerbaijan
Katherine Mccoy,211.38,Feeney-Toy,Health,China
Bruce Reyes,392.98,Brown-Ritchie,Industrial,Brazil
Karen Ryan,13.71,Price Group,Grocery,China
Shirley Perkins,269.83,"Hyatt, Skiles and Howell",Games,China
Joshua Griffin,242.02,Wisozk Group,Baby,Kazakhstan
Amanda Matthews,246.18,"Feil, Stamm and Thompson",Kids,Brazil
Tammy Hanson,268.24,"Bayer, Mohr and Dooley",Toys,Zambia
Lisa Thompson,359.2,Gerlach LLC,Automotive,France
Norma Weaver,234.28,Rippin LLC,Electronics,United States
Karen Hall,387.25,Will and Sons,Health,Poland
Jimmy Barnes,151.61,Considine-Reichert,Computers,Chile
Robin Gardner,370.65,"Bartoletti, Abshire and Gutkowski",Clothing,Poland
Paula Gray,33.6,McKenzie-Goodwin,Baby,Philippines
Eric Martin,305.45,"Muller, Bernhard and Williamson",Baby,Chile
Terry Austin,269.26,Padberg and Sons,Computers,Dominican Republic
Bobby Mitchell,23.95,"Brown, Morissette and Wiegand",Grocery,France
Nicole Freeman,35.79,Armstrong Inc,Garden,Tunisia
Edward Brooks,187.57,O'Reilly and Sons,Music,Czech Republic
William Hill,312.83,"Mann, Rice and Rodriguez",Garden,Indonesia
Christina Reed,284.85,"Jacobs, Kling and Runolfsdottir",Baby,China
Ralph Simmons,324.61,Reynolds and Sons,Jewelery,China
Karen Harrison,104.34,Gulgowski-Lakin,Automotive,Kenya
Marie Robinson,4.13,Cronin Inc,Jewelery,Russia
Maria Ramirez,64.14,Smith and Sons,Electronics,Indonesia
Rachel Bailey,49.67,Kemmer-Glover,Garden,United States
Robert Stanley,28.8,"Kautzer, Ledner and Deckow",Music,Portugal
Andrea Martinez,52.19,Hirthe-Weber,Toys,Iran
Barbara Garcia,313.63,Schiller-Rodriguez,Clothing,Indonesia
Cheryl Bowman,338.4,Koepp Group,Books,Serbia
Ann Gray,378.82,Casper LLC,Baby,Indonesia
Carlos Carroll,387.21,"McCullough, Leannon and Schimmel",Grocery,Vietnam
Julia Reid,325.95,"Thiel, O'Reilly and Lind",Automotive,China
Henry Wright,312.53,"Morar, Nader and Langworth",Garden,Republic of the Congo
Ruth Hill,274.26,Hickle-Dach,Shoes,Japan
Nicole Gonzalez,199.33,Watsica LLC,Industrial,Ukraine
Craig Sanders,258.69,"Block, Mayert and Aufderhar",Movies,China
Linda Price,336.36,"Ankunding, Wuckert and Friesen",Shoes,China
Larry Shaw,284.58,"Nitzsche, Nienow and Rosenbaum",Books,Philippines
Teresa Palmer,367.13,Ruecker-Stokes,Outdoors,Panama
Dennis Harvey,282.28,Kovacek Group,Sports,Indonesia
Shirley Lynch,80.59,Abshire Group,Tools,Peru
Craig Sims,71.37,"Wisozk, Beatty and Ortiz",Shoes,France
George Lynch,255.98,Hyatt and Sons,Kids,Estonia
Ralph Scott,124.91,"Bode, Hoeger and Johnson",Outdoors,Portugal
Stephanie Wells,188.3,Cummings-Kilback,Electronics,China
William Mcdonald,95.38,Beatty-Zieme,Toys,Sweden
Jack Stephens,260.23,Kerluke-Bode,Books,Vietnam
Doris Parker,94.49,Harris Inc,Outdoors,China
Laura Mills,137.57,Bashirian LLC,Automotive,China
Lisa Meyer,267.14,"Rath, Gerhold and Streich",Shoes,Indonesia
Daniel Ramos,182.33,Jacobs-Bauch,Tools,China
Elizabeth Burns,104.57,Koelpin LLC,Industrial,Poland
Kathleen Murray,287.11,Parker Group,Electronics,Brazil
Frances Morales,334.95,Weissnat Inc,Beauty,Philippines
Harry Bailey,327.73,Rau and Sons,Home,Indonesia
Teresa Lopez,250.48,Wilderman-Steuber,Beauty,Russia
Marilyn Davis,388.14,Gorczany Group,Kids,Brazil
Cynthia Welch,327.25,"Pfannerstill, Hills and Howell",Baby,China
Samuel Watson,173.47,"Jenkins, Kilback and O'Keefe",Automotive,Philippines
Julie Murphy,281.91,"Hand, Rosenbaum and Skiles",Industrial,China
Evelyn Gomez,96.53,Larson-Paucek,Home,Chile
Willie Gardner,7.21,"Daugherty, Osinski and Swaniawski",Garden,France
Alan Williams,382.82,Doyle-Hettinger,Movies,Philippines
Kathryn Johnson,315.03,"Douglas, Pouros and Casper",Sports,Spain
Bonnie Wilson,211.08,Stamm and Sons,Books,China
Joyce Ruiz,155.95,Baumbach-Littel,Baby,China
Brenda Lynch,4.31,Jerde Group,Jewelery,Kyrgyzstan
Ronald Ward,263.02,"Turcotte, Runolfsson and Herman",Movies,Egypt
